name	f_nu	e_flux_density	time	converted_wave	converted_wave_unit	band	upperlimit	reference	telescope	instrument	redshift
AT2021sdu	-13.440061438043312	10.50079695804187	59379.44577550003	788.8828140441358	nm	i	True	['2023ApJ...955L...6Y', '2024MNRAS.527.2452M']			0.059
AT2021sdu	15.148174850756037	9.237436984329603	59379.44671300007	788.8828140441358	nm	i	True	['2023ApJ...955L...6Y', '2024MNRAS.527.2452M']			0.059
AT2021sdu	-6.851449240596251	10.102030993438392	59385.44910879992	788.8828140441358	nm	i	True	['2023ApJ...955L...6Y', '2024MNRAS.527.2452M']			0.059
AT2021sdu	7.258643412154211	7.286822607204086	59385.45004629996	788.8828140441358	nm	i	True	['2023ApJ...955L...6Y', '2024MNRAS.527.2452M']			0.059
AT2021sdu	24.234877475915503	11.482362451384313	59386.382418999914	635.1609403231913	nm	r	True	['2023ApJ...955L...6Y', '2024MNRAS.527.2452M']			0.059
AT2021sdu	-7.887150071431171	5.31427511782069	59386.44730320014	472.76786118847235	nm	g	True	['2023ApJ...955L...6Y', '2024MNRAS.527.2452M']			0.059
AT2021sdu	12.376101025283738	15.063500943739312	59391.37954859994	788.8828140441358	nm	i	True	['2023ApJ...955L...6Y', '2024MNRAS.527.2452M']			0.059
AT2021sdu	0.8263405010337437	9.719804654792487	59391.40767360013	635.1609403231913	nm	r	True	['2023ApJ...955L...6Y', '2024MNRAS.527.2452M']			0.059
AT2021sdu	-16.192290914155915	11.449437685131306	59391.446955999825	472.76786118847235	nm	g	True	['2023ApJ...955L...6Y', '2024MNRAS.527.2452M']			0.059
AT2021sdu	4.134226282099629	14.825454211645559	59393.37177080009	472.76786118847235	nm	g	True	['2023ApJ...955L...6Y', '2024MNRAS.527.2452M']			0.059
AT2021sdu	29.01403244105256	6.28394814687631	59393.44854169991	635.1609403231913	nm	r	True	['2023ApJ...955L...6Y', '2024MNRAS.527.2452M']			0.059
AT2021sdu	42.7687231817377	11.123814525606756	59394.407268499956	788.8828140441358	nm	i	True	['2023ApJ...955L...6Y', '2024MNRAS.527.2452M']			0.059
AT2021sdu	31.64758708156236	13.928563566806186	59394.40820599999	788.8828140441358	nm	i	True	['2023ApJ...955L...6Y', '2024MNRAS.527.2452M']			0.059
AT2021sdu	42.85259027220967	6.959163990859224	59396.40759260021	635.1609403231913	nm	r	False	['2023ApJ...955L...6Y', '2024MNRAS.527.2452M']			0.059
AT2021sdu	48.81239857545506	6.821279053003867	59396.4453125	472.76786118847235	nm	g	False	['2023ApJ...955L...6Y', '2024MNRAS.527.2452M']			0.059
AT2021sdu	92.9507338061204	5.142087014213665	59400.407326399814	472.76786118847235	nm	g	False	['2023ApJ...955L...6Y', '2024MNRAS.527.2452M']			0.059
AT2021sdu	46.08390546792587	5.393521190331033	59400.446411999874	635.1609403231913	nm	r	False	['2023ApJ...955L...6Y', '2024MNRAS.527.2452M']			0.059
AT2021sdu	56.23401563576771	6.175819004405126	59402.43327549985	635.1609403231913	nm	r	False	['2023ApJ...955L...6Y', '2024MNRAS.527.2452M']			0.059
AT2021sdu	86.08039847784084	5.558144063775622	59402.45013889996	472.76786118847235	nm	g	False	['2023ApJ...955L...6Y', '2024MNRAS.527.2452M']			0.059
AT2021sdu	42.89159167847269	9.00325259467948	59403.446030099876	788.8828140441358	nm	i	False	['2023ApJ...955L...6Y', '2024MNRAS.527.2452M']			0.059
AT2021sdu	68.56776057490698	7.445004294565757	59403.44650459988	788.8828140441358	nm	i	False	['2023ApJ...955L...6Y', '2024MNRAS.527.2452M']			0.059
AT2021sdu	71.12172469904873	5.436946954127177	59404.45283559989	635.1609403231913	nm	r	False	['2023ApJ...955L...6Y', '2024MNRAS.527.2452M']			0.059
AT2021sdu	87.69701492784581	5.664598815641267	59406.4607406999	635.1609403231913	nm	r	False	['2023ApJ...955L...6Y', '2024MNRAS.527.2452M']			0.059
AT2021sdu	77.63074442205537	9.349910622820467	59407.40781249991	788.8828140441358	nm	i	False	['2023ApJ...955L...6Y', '2024MNRAS.527.2452M']			0.059
AT2021sdu	126.61482005217401	5.8892262290673365	59408.44806709979	635.1609403231913	nm	r	False	['2023ApJ...955L...6Y', '2024MNRAS.527.2452M']			0.059
AT2021sdu	145.32562729932133	5.493596784850005	59409.462036999874	635.1609403231913	nm	r	False	['2023ApJ...955L...6Y', '2024MNRAS.527.2452M']			0.059
AT2021sdu	132.2326721481986	5.994604310642835	59410.42795140017	635.1609403231913	nm	r	False	['2023ApJ...955L...6Y', '2024MNRAS.527.2452M']			0.059
AT2021sdu	126.3253042343427	10.44423191117105	59411.43103010021	788.8828140441358	nm	i	False	['2023ApJ...955L...6Y', '2024MNRAS.527.2452M']			0.059
AT2021sdu	125.7944606086731	8.90496773401074	59411.431504600216	788.8828140441358	nm	i	False	['2023ApJ...955L...6Y', '2024MNRAS.527.2452M']			0.059
AT2021sdu	164.2489213433436	7.2769757003000555	59411.465682900045	635.1609403231913	nm	r	False	['2023ApJ...955L...6Y', '2024MNRAS.527.2452M']			0.059
AT2021sdu	169.2652266388092	5.9236391042187	59412.4285300998	635.1609403231913	nm	r	False	['2023ApJ...955L...6Y', '2024MNRAS.527.2452M']			0.059
AT2021sdu	235.07154362429276	6.702448482411333	59412.46457180008	472.76786118847235	nm	g	False	['2023ApJ...955L...6Y', '2024MNRAS.527.2452M']			0.059
AT2021sdu	246.13708280571674	6.062326700956387	59414.413344900124	472.76786118847235	nm	g	False	['2023ApJ...955L...6Y', '2024MNRAS.527.2452M']			0.059
AT2021sdu	174.15963264396996	6.485575370020529	59414.46734949993	635.1609403231913	nm	r	False	['2023ApJ...955L...6Y', '2024MNRAS.527.2452M']			0.059
AT2021sdu	172.19175969804732	6.249465563418867	59415.41040509986	635.1609403231913	nm	r	False	['2023ApJ...955L...6Y', '2024MNRAS.527.2452M']			0.059
AT2021sdu	248.2129575585845	6.042196695398902	59415.46366900019	472.76786118847235	nm	g	False	['2023ApJ...955L...6Y', '2024MNRAS.527.2452M']			0.059
AT2021sdu	206.40060380902665	7.462623812757339	59416.41576390015	635.1609403231913	nm	r	False	['2023ApJ...955L...6Y', '2024MNRAS.527.2452M']			0.059
AT2021sdu	244.2040631129941	7.919847766928248	59417.431550899986	472.76786118847235	nm	g	False	['2023ApJ...955L...6Y', '2024MNRAS.527.2452M']			0.059
AT2021sdu	163.58738087841257	12.773655067521018	59418.410486099776	635.1609403231913	nm	r	False	['2023ApJ...955L...6Y', '2024MNRAS.527.2452M']			0.059
AT2021sdu	155.29820931275668	7.4547562390937285	59422.4307407001	635.1609403231913	nm	r	False	['2023ApJ...955L...6Y', '2024MNRAS.527.2452M']			0.059
AT2021sdu	250.27791511180408	7.732599706015184	59422.45024310006	472.76786118847235	nm	g	False	['2023ApJ...955L...6Y', '2024MNRAS.527.2452M']			0.059
AT2021sdu	134.67852962792185	7.4169632100543454	59424.38929399988	635.1609403231913	nm	r	False	['2023ApJ...955L...6Y', '2024MNRAS.527.2452M']			0.059
AT2021sdu	224.52395128468325	7.898062239301689	59424.4313542	472.76786118847235	nm	g	False	['2023ApJ...955L...6Y', '2024MNRAS.527.2452M']			0.059
AT2021sdu	172.6630287414295	7.098480255894356	59426.38247689977	472.76786118847235	nm	g	False	['2023ApJ...955L...6Y', '2024MNRAS.527.2452M']			0.059
AT2021sdu	121.3023838753101	6.532811024661656	59426.455578700174	635.1609403231913	nm	r	False	['2023ApJ...955L...6Y', '2024MNRAS.527.2452M']			0.059
AT2021sdu	100.62019089558596	8.68575477409012	59427.40863429988	788.8828140441358	nm	i	False	['2023ApJ...955L...6Y', '2024MNRAS.527.2452M']			0.059
AT2021sdu	121.34901405084402	8.881691881263436	59427.40910879988	788.8828140441358	nm	i	False	['2023ApJ...955L...6Y', '2024MNRAS.527.2452M']			0.059
AT2021sdu	150.26172801418576	5.446827424453659	59428.44862269983	472.76786118847235	nm	g	False	['2023ApJ...955L...6Y', '2024MNRAS.527.2452M']			0.059
AT2021sdu	108.75556100518212	5.443420934526172	59428.473564799875	635.1609403231913	nm	r	False	['2023ApJ...955L...6Y', '2024MNRAS.527.2452M']			0.059
AT2021sdu	101.22061068779036	6.1136408355961205	59430.44555559987	788.8828140441358	nm	i	False	['2023ApJ...955L...6Y', '2024MNRAS.527.2452M']			0.059
AT2021sdu	63.7445553927208	7.664151797702176	59430.446030099876	788.8828140441358	nm	i	False	['2023ApJ...955L...6Y', '2024MNRAS.527.2452M']			0.059
AT2021sdu	83.4236956821645	4.401030266975265	59434.3671875	635.1609403231913	nm	r	False	['2023ApJ...955L...6Y', '2024MNRAS.527.2452M']			0.059
AT2021sdu	65.28036184492795	7.110109151923045	59434.39091440011	788.8828140441358	nm	i	False	['2023ApJ...955L...6Y', '2024MNRAS.527.2452M']			0.059
AT2021sdu	44.49107566670673	7.577794565182428	59434.40244209999	788.8828140441358	nm	i	False	['2023ApJ...955L...6Y', '2024MNRAS.527.2452M']			0.059
AT2021sdu	107.22417223726944	3.9970300745900014	59434.429212999996	472.76786118847235	nm	g	False	['2023ApJ...955L...6Y', '2024MNRAS.527.2452M']			0.059
AT2021sdu	65.76244600124608	4.614810934650005	59436.38561340002	635.1609403231913	nm	r	False	['2023ApJ...955L...6Y', '2024MNRAS.527.2452M']			0.059
AT2021sdu	102.8203144690173	4.659944152567626	59436.428588000126	472.76786118847235	nm	g	False	['2023ApJ...955L...6Y', '2024MNRAS.527.2452M']			0.059
AT2021sdu	63.44756197223647	9.425226094503307	59438.42766200006	788.8828140441358	nm	i	False	['2023ApJ...955L...6Y', '2024MNRAS.527.2452M']			0.059
AT2021sdu	48.48694540215991	6.514506256570786	59438.42813660018	788.8828140441358	nm	i	False	['2023ApJ...955L...6Y', '2024MNRAS.527.2452M']			0.059
AT2021sdu	69.94762008703368	5.529981974185085	59439.38835649984	635.1609403231913	nm	r	False	['2023ApJ...955L...6Y', '2024MNRAS.527.2452M']			0.059
AT2021sdu	75.23331589405021	4.813227243275037	59439.42878470011	472.76786118847235	nm	g	False	['2023ApJ...955L...6Y', '2024MNRAS.527.2452M']			0.059
AT2021sdu	59.92421466570705	4.798637144903074	59442.326481500175	472.76786118847235	nm	g	False	['2023ApJ...955L...6Y', '2024MNRAS.527.2452M']			0.059
AT2021sdu	54.92335604718293	4.447292605805584	59442.43394679995	635.1609403231913	nm	r	False	['2023ApJ...955L...6Y', '2024MNRAS.527.2452M']			0.059
AT2021sdu	22.63788380362826	6.907349090790892	59443.43517359998	788.8828140441358	nm	i	True	['2023ApJ...955L...6Y', '2024MNRAS.527.2452M']			0.059
AT2021sdu	34.071028543865	8.27966814478198	59443.435648099985	788.8828140441358	nm	i	True	['2023ApJ...955L...6Y', '2024MNRAS.527.2452M']			0.059
AT2021sdu	28.555354908256376	12.222164206653837	59446.32511569979	788.8828140441358	nm	i	True	['2023ApJ...955L...6Y', '2024MNRAS.527.2452M']			0.059
AT2021sdu	45.301330061772404	10.158329485882149	59446.326053199824	788.8828140441358	nm	i	False	['2023ApJ...955L...6Y', '2024MNRAS.527.2452M']			0.059
AT2021sdu	63.06090690401886	7.3660621216467055	59446.41229170002	635.1609403231913	nm	r	False	['2023ApJ...955L...6Y', '2024MNRAS.527.2452M']			0.059
AT2021sdu	67.386396778569	4.15825821291524	59446.46895830007	472.76786118847235	nm	g	False	['2023ApJ...955L...6Y', '2024MNRAS.527.2452M']			0.059
AT2021sdu	37.034634240002546	17.84932312557069	59449.239745399915	472.76786118847235	nm	g	True	['2023ApJ...955L...6Y', '2024MNRAS.527.2452M']			0.059
AT2021sdu	18.657828530150173	13.954080834814867	59449.27739580022	788.8828140441358	nm	i	True	['2023ApJ...955L...6Y', '2024MNRAS.527.2452M']			0.059
AT2021sdu	6.576679129778419	13.112102602302718	59449.369756899774	635.1609403231913	nm	r	True	['2023ApJ...955L...6Y', '2024MNRAS.527.2452M']			0.059
AT2021sdu	45.41483306670606	12.362484245990863	59450.47795139998	788.8828140441358	nm	i	True	['2023ApJ...955L...6Y', '2024MNRAS.527.2452M']			0.059
AT2021sdu	30.638426067413825	7.219085586648879	59452.346747700125	472.76786118847235	nm	g	True	['2023ApJ...955L...6Y', '2024MNRAS.527.2452M']			0.059
AT2021sdu	26.641935339587146	9.456539313779128	59452.36606479995	788.8828140441358	nm	i	True	['2023ApJ...955L...6Y', '2024MNRAS.527.2452M']			0.059
AT2021sdu	49.59967377785148	8.089787926454617	59453.40659719985	788.8828140441358	nm	i	False	['2023ApJ...955L...6Y', '2024MNRAS.527.2452M']			0.059
AT2021sdu	34.419343864372465	6.0864747162526225	59454.34393520001	635.1609403231913	nm	r	False	['2023ApJ...955L...6Y', '2024MNRAS.527.2452M']			0.059
AT2021sdu	41.960715714022065	5.729059369102598	59454.39554399997	472.76786118847235	nm	g	False	['2023ApJ...955L...6Y', '2024MNRAS.527.2452M']			0.059
AT2021sdu	15.413065971727082	11.169962974470787	59455.30726849986	788.8828140441358	nm	i	True	['2023ApJ...955L...6Y', '2024MNRAS.527.2452M']			0.059
AT2021sdu	15.594047371058352	8.795178441761106	59458.30737269996	788.8828140441358	nm	i	True	['2023ApJ...955L...6Y', '2024MNRAS.527.2452M']			0.059
AT2021sdu	27.2212335701699	6.948358326753478	59458.3212731001	788.8828140441358	nm	i	True	['2023ApJ...955L...6Y', '2024MNRAS.527.2452M']			0.059
AT2021sdu	25.009347004685143	4.647691691891623	59458.36636570003	635.1609403231913	nm	r	False	['2023ApJ...955L...6Y', '2024MNRAS.527.2452M']			0.059
AT2021sdu	25.8977920860634	5.17721722142813	59460.33968750015	635.1609403231913	nm	r	True	['2023ApJ...955L...6Y', '2024MNRAS.527.2452M']			0.059
AT2021sdu	27.419060051988883	3.548490097643627	59460.38105319999	472.76786118847235	nm	g	False	['2023ApJ...955L...6Y', '2024MNRAS.527.2452M']			0.059
AT2021sdu	44.376588034585566	7.449127630434937	59461.342523099855	788.8828140441358	nm	i	False	['2023ApJ...955L...6Y', '2024MNRAS.527.2452M']			0.059
AT2021sdu	37.096700489378286	6.7295479124442465	59461.343518500216	788.8828140441358	nm	i	False	['2023ApJ...955L...6Y', '2024MNRAS.527.2452M']			0.059
AT2021sdu	29.328265017609773	4.108828613946533	59462.346249999944	472.76786118847235	nm	g	False	['2023ApJ...955L...6Y', '2024MNRAS.527.2452M']			0.059
AT2021sdu	10.359591499548022	4.943909392099592	59462.40217590006	635.1609403231913	nm	r	True	['2023ApJ...955L...6Y', '2024MNRAS.527.2452M']			0.059
AT2021sdu	-10.634048294546902	6.208500936262662	59464.36887730006	788.8828140441358	nm	i	True	['2023ApJ...955L...6Y', '2024MNRAS.527.2452M']			0.059
AT2021sdu	8.55896412331467	8.49091823406984	59464.36935190018	788.8828140441358	nm	i	True	['2023ApJ...955L...6Y', '2024MNRAS.527.2452M']			0.059
AT2021sdu	17.462018945017036	4.321831537440904	59464.38763889996	635.1609403231913	nm	r	True	['2023ApJ...955L...6Y', '2024MNRAS.527.2452M']			0.059
AT2021sdu	28.499461022506775	4.136753721106894	59466.38343749987	635.1609403231913	nm	r	False	['2023ApJ...955L...6Y', '2024MNRAS.527.2452M']			0.059
AT2021sdu	20.209308560834003	4.216145359194636	59466.406655100174	472.76786118847235	nm	g	True	['2023ApJ...955L...6Y', '2024MNRAS.527.2452M']			0.059
AT2021sdu	-3.9638415351238376	7.81631653336089	59467.34284720011	788.8828140441358	nm	i	True	['2023ApJ...955L...6Y', '2024MNRAS.527.2452M']			0.059
AT2021sdu	9.251045713141872	6.0354196487967835	59467.34332180023	788.8828140441358	nm	i	True	['2023ApJ...955L...6Y', '2024MNRAS.527.2452M']			0.059
AT2021sdu	14.656453217380209	4.114216139316006	59468.38891200023	635.1609403231913	nm	r	True	['2023ApJ...955L...6Y', '2024MNRAS.527.2452M']			0.059
AT2021sdu	25.99142963771341	3.8608758719663534	59468.43629630003	472.76786118847235	nm	g	False	['2023ApJ...955L...6Y', '2024MNRAS.527.2452M']			0.059
AT2021sdu	11.105613720595002	6.177092845572261	59470.352037000004	788.8828140441358	nm	i	True	['2023ApJ...955L...6Y', '2024MNRAS.527.2452M']			0.059
AT2021sdu	10.633239617597308	7.3251976887387205	59470.352511600126	788.8828140441358	nm	i	True	['2023ApJ...955L...6Y', '2024MNRAS.527.2452M']			0.059
AT2021sdu	20.288343851563027	3.761082089155863	59470.3733680998	472.76786118847235	nm	g	True	['2023ApJ...955L...6Y', '2024MNRAS.527.2452M']			0.059
AT2021sdu	15.210271014748779	4.477333701352192	59470.42186339991	635.1609403231913	nm	r	True	['2023ApJ...955L...6Y', '2024MNRAS.527.2452M']			0.059
AT2021sdu	-8.431082540776416	4.525209281919531	59472.37118060002	635.1609403231913	nm	r	True	['2023ApJ...955L...6Y', '2024MNRAS.527.2452M']			0.059
AT2021sdu	12.458723919751705	3.5934332774766937	59472.42133100005	472.76786118847235	nm	g	True	['2023ApJ...955L...6Y', '2024MNRAS.527.2452M']			0.059
AT2021sdu	15.133242849778858	8.859289156423715	59473.412685200106	788.8828140441358	nm	i	True	['2023ApJ...955L...6Y', '2024MNRAS.527.2452M']			0.059
AT2021sdu	8.35516429892036	7.096706078766592	59473.41362270014	788.8828140441358	nm	i	True	['2023ApJ...955L...6Y', '2024MNRAS.527.2452M']			0.059
AT2021sdu	20.223118638943436	6.37350326722641	59474.301122699864	635.1609403231913	nm	r	True	['2023ApJ...955L...6Y', '2024MNRAS.527.2452M']			0.059
AT2021sdu	12.812855423279442	4.4158825387061595	59474.39119210001	472.76786118847235	nm	g	True	['2023ApJ...955L...6Y', '2024MNRAS.527.2452M']			0.059
AT2021sdu	14.823298705233489	12.038832473515972	59476.36545140017	788.8828140441358	nm	i	True	['2023ApJ...955L...6Y', '2024MNRAS.527.2452M']			0.059
AT2021sdu	8.481643522173032	8.956176587766837	59476.36592590017	788.8828140441358	nm	i	True	['2023ApJ...955L...6Y', '2024MNRAS.527.2452M']			0.059
AT2021sdu	18.466315988107095	7.341303724832651	59477.28547450015	635.1609403231913	nm	r	True	['2023ApJ...955L...6Y', '2024MNRAS.527.2452M']			0.059
AT2021sdu	26.805663170108982	9.36796937854515	59477.327395800035	472.76786118847235	nm	g	True	['2023ApJ...955L...6Y', '2024MNRAS.527.2452M']			0.059
AT2021sdu	-11.163824831966117	16.39310328925508	59479.192893499974	472.76786118847235	nm	g	True	['2023ApJ...955L...6Y', '2024MNRAS.527.2452M']			0.059
AT2021sdu	8.972719717091861	10.366126192320719	59479.31847220007	788.8828140441358	nm	i	True	['2023ApJ...955L...6Y', '2024MNRAS.527.2452M']			0.059
AT2021sdu	3.14461481025833	13.330681136318702	59479.318946800195	788.8828140441358	nm	i	True	['2023ApJ...955L...6Y', '2024MNRAS.527.2452M']			0.059
AT2021sdu	16.043167685380435	9.845789437102033	59479.359502300154	635.1609403231913	nm	r	True	['2023ApJ...955L...6Y', '2024MNRAS.527.2452M']			0.059
AT2021sdu	10.071272193721205	10.640596108304901	59483.265775499865	472.76786118847235	nm	g	True	['2023ApJ...955L...6Y', '2024MNRAS.527.2452M']			0.059
AT2021sdu	19.780297375916962	13.986692195806512	59483.30942129996	788.8828140441358	nm	i	True	['2023ApJ...955L...6Y', '2024MNRAS.527.2452M']			0.059
AT2021sdu	-9.608820537494857	8.270931805302284	59487.303715299815	788.8828140441358	nm	i	True	['2023ApJ...955L...6Y', '2024MNRAS.527.2452M']			0.059
AT2021sdu	19.521261920284015	7.851655040840078	59487.30418979982	788.8828140441358	nm	i	True	['2023ApJ...955L...6Y', '2024MNRAS.527.2452M']			0.059
AT2021sdu	5.299091054807614	3.8724842426827846	59488.28207179997	472.76786118847235	nm	g	True	['2023ApJ...955L...6Y', '2024MNRAS.527.2452M']			0.059
AT2021sdu	14.712264132770256	4.46456227791461	59488.327372699976	635.1609403231913	nm	r	True	['2023ApJ...955L...6Y', '2024MNRAS.527.2452M']			0.059
AT2021sdu	6.107226785883171	3.641971351691783	59490.35063660005	472.76786118847235	nm	g	True	['2023ApJ...955L...6Y', '2024MNRAS.527.2452M']			0.059
AT2021sdu	-1.5764096620812236	8.511121877268813	59491.32321760012	788.8828140441358	nm	i	True	['2023ApJ...955L...6Y', '2024MNRAS.527.2452M']			0.059
AT2021sdu	24.87120810381776	7.115182110690977	59491.3420833	788.8828140441358	nm	i	True	['2023ApJ...955L...6Y', '2024MNRAS.527.2452M']			0.059
AT2021sdu	3.471744730895657	7.974093141001113	59494.32843750017	788.8828140441358	nm	i	True	['2023ApJ...955L...6Y', '2024MNRAS.527.2452M']			0.059
AT2021sdu	0.5999067465711363	10.286529721957017	59496.35199069977	788.8828140441358	nm	i	True	['2023ApJ...955L...6Y', '2024MNRAS.527.2452M']			0.059
AT2021sdu	-14.10112575158955	7.472667197884239	59497.40427079983	788.8828140441358	nm	i	True	['2023ApJ...955L...6Y', '2024MNRAS.527.2452M']			0.059
AT2021sdu	16.9371102354014	4.059101263955736	59498.327442099806	635.1609403231913	nm	r	True	['2023ApJ...955L...6Y', '2024MNRAS.527.2452M']			0.059
AT2021sdu	5.819957210743243	3.7598476146585	59498.3490394	472.76786118847235	nm	g	True	['2023ApJ...955L...6Y', '2024MNRAS.527.2452M']			0.059
AT2021sdu	20.98279821506088	10.212572839546292	59502.30129629979	788.8828140441358	nm	i	True	['2023ApJ...955L...6Y', '2024MNRAS.527.2452M']			0.059
AT2021sdu	9.407977501591967	8.461512745976718	59502.30177079979	788.8828140441358	nm	i	True	['2023ApJ...955L...6Y', '2024MNRAS.527.2452M']			0.059
AT2021sdu	22.678345255568324	5.462976041699093	59502.36311340006	635.1609403231913	nm	r	True	['2023ApJ...955L...6Y', '2024MNRAS.527.2452M']			0.059
AT2021sdu	37.236690599683484	6.882504518932178	59502.40956019983	472.76786118847235	nm	g	True	['2023ApJ...955L...6Y', '2024MNRAS.527.2452M']			0.059
AT2021sdu	23.3211041043452	6.821154982804316	59504.41180559993	472.76786118847235	nm	g	True	['2023ApJ...955L...6Y', '2024MNRAS.527.2452M']			0.059
AT2021sdu	33.77400468645906	12.68212784148803	59505.3212731001	788.8828140441358	nm	i	True	['2023ApJ...955L...6Y', '2024MNRAS.527.2452M']			0.059
AT2021sdu	18.612399850858957	10.057500954985658	59505.32174770022	788.8828140441358	nm	i	True	['2023ApJ...955L...6Y', '2024MNRAS.527.2452M']			0.059
AT2021sdu	14.030031549053763	10.524812212028856	59509.325659700204	788.8828140441358	nm	i	True	['2023ApJ...955L...6Y', '2024MNRAS.527.2452M']			0.059
AT2021sdu	18.296362961230916	11.384721749603818	59509.32613429986	788.8828140441358	nm	i	True	['2023ApJ...955L...6Y', '2024MNRAS.527.2452M']			0.059
AT2021sdu	3.2581277148458305	11.18813711478205	59510.29054399999	472.76786118847235	nm	g	True	['2023ApJ...955L...6Y', '2024MNRAS.527.2452M']			0.059
AT2021sdu	-0.6965102064457588	7.879949646254729	59512.24711810006	788.8828140441358	nm	i	True	['2023ApJ...955L...6Y', '2024MNRAS.527.2452M']			0.059
AT2021sdu	-7.765998984950671	9.73447680815844	59512.26479170006	788.8828140441358	nm	i	True	['2023ApJ...955L...6Y', '2024MNRAS.527.2452M']			0.059
AT2021sdu	1.671585450646823	3.911024680440378	59517.19696759991	472.76786118847235	nm	g	True	['2023ApJ...955L...6Y', '2024MNRAS.527.2452M']			0.059
AT2021sdu	6.852660474013003	3.9884577040081646	59517.24047450023	635.1609403231913	nm	r	True	['2023ApJ...955L...6Y', '2024MNRAS.527.2452M']			0.059
AT2021sdu	7.0481045141247565	8.157817743691274	59517.31094910018	788.8828140441358	nm	i	True	['2023ApJ...955L...6Y', '2024MNRAS.527.2452M']			0.059
AT2021sdu	4.854372006808926	6.091232933547579	59517.31188660022	788.8828140441358	nm	i	True	['2023ApJ...955L...6Y', '2024MNRAS.527.2452M']			0.059
AT2021sdu	13.822710880071108	4.164749236281609	59520.24673609994	635.1609403231913	nm	r	True	['2023ApJ...955L...6Y', '2024MNRAS.527.2452M']			0.059
AT2021sdu	13.892162208573207	3.2377662092844646	59520.3056481001	472.76786118847235	nm	g	True	['2023ApJ...955L...6Y', '2024MNRAS.527.2452M']			0.059
AT2021sdu	22.328832794204505	6.9178194838907725	59520.32868060004	788.8828140441358	nm	i	True	['2023ApJ...955L...6Y', '2024MNRAS.527.2452M']			0.059
AT2021sdu	45.64211890930621	6.585590777178628	59520.34462960018	788.8828140441358	nm	i	False	['2023ApJ...955L...6Y', '2024MNRAS.527.2452M']			0.059
AT2021sdu	5.855407421750148	3.461895137975375	59522.25508099981	472.76786118847235	nm	g	True	['2023ApJ...955L...6Y', '2024MNRAS.527.2452M']			0.059
AT2021sdu	13.537991410611534	4.865701710036	59522.30265050009	635.1609403231913	nm	r	True	['2023ApJ...955L...6Y', '2024MNRAS.527.2452M']			0.059
AT2021sdu	9.775075642314322	8.768257198892298	59523.174374999944	788.8828140441358	nm	i	True	['2023ApJ...955L...6Y', '2024MNRAS.527.2452M']			0.059
AT2021sdu	7.875737097178891	6.294016789099754	59523.2453240999	788.8828140441358	nm	i	True	['2023ApJ...955L...6Y', '2024MNRAS.527.2452M']			0.059
AT2021sdu	15.089537391199066	4.506282211679494	59524.21531250002	635.1609403231913	nm	r	True	['2023ApJ...955L...6Y', '2024MNRAS.527.2452M']			0.059
AT2021sdu	11.417723369132059	3.5337188481924255	59524.30624999991	472.76786118847235	nm	g	True	['2023ApJ...955L...6Y', '2024MNRAS.527.2452M']			0.059
AT2021sdu	8.248560849218052	4.671615878702667	59526.153472200036	635.1609403231913	nm	r	True	['2023ApJ...955L...6Y', '2024MNRAS.527.2452M']			0.059
AT2021sdu	11.382142848800115	3.8081827922922136	59526.226712999865	472.76786118847235	nm	g	True	['2023ApJ...955L...6Y', '2024MNRAS.527.2452M']			0.059
AT2021sdu	26.52951680984675	7.354921225356169	59526.28253469989	788.8828140441358	nm	i	True	['2023ApJ...955L...6Y', '2024MNRAS.527.2452M']			0.059
AT2021sdu	-3.914566329983359	8.646981152031127	59526.28300930001	788.8828140441358	nm	i	True	['2023ApJ...955L...6Y', '2024MNRAS.527.2452M']			0.059
AT2021sdu	11.764651996236102	5.198370547413953	59529.20474540023	635.1609403231913	nm	r	True	['2023ApJ...955L...6Y', '2024MNRAS.527.2452M']			0.059
AT2021sdu	0.4556946807289272	4.781287253250775	59529.25415509986	472.76786118847235	nm	g	True	['2023ApJ...955L...6Y', '2024MNRAS.527.2452M']			0.059
AT2021sdu	25.352040764595863	7.586424015361927	59529.3024420999	788.8828140441358	nm	i	True	['2023ApJ...955L...6Y', '2024MNRAS.527.2452M']			0.059
AT2021sdu	9.353069458830085	10.248542455784008	59531.21550930012	788.8828140441358	nm	i	True	['2023ApJ...955L...6Y', '2024MNRAS.527.2452M']			0.059
AT2021sdu	-6.186388022925395	8.677976885247253	59531.285161999986	635.1609403231913	nm	r	True	['2023ApJ...955L...6Y', '2024MNRAS.527.2452M']			0.059
AT2021sdu	5.123887726511645	4.528552207258207	59531.3645601999	472.76786118847235	nm	g	True	['2023ApJ...955L...6Y', '2024MNRAS.527.2452M']			0.059
AT2021sdu	10.009854522625941	7.827647398727034	59532.3260764	788.8828140441358	nm	i	True	['2023ApJ...955L...6Y', '2024MNRAS.527.2452M']			0.059
AT2021sdu	36.95651741496528	10.452466648241783	59537.329155100044	635.1609403231913	nm	r	True	['2023ApJ...955L...6Y', '2024MNRAS.527.2452M']			0.059
AT2021sdu	17.4261760329205	9.27988789777789	59538.13722220017	788.8828140441358	nm	i	True	['2023ApJ...955L...6Y', '2024MNRAS.527.2452M']			0.059
AT2021sdu	10.452529028834064	11.940842223083989	59538.13822920015	788.8828140441358	nm	i	True	['2023ApJ...955L...6Y', '2024MNRAS.527.2452M']			0.059
AT2021sdu	26.034857810643853	13.423739577923735	59540.36946759978	472.76786118847235	nm	g	True	['2023ApJ...955L...6Y', '2024MNRAS.527.2452M']			0.059
AT2021sdu	0.4023438906307491	8.53277856136387	59542.238842600025	788.8828140441358	nm	i	True	['2023ApJ...955L...6Y', '2024MNRAS.527.2452M']			0.059
AT2021sdu	11.103083192218557	8.511663642234858	59542.23931710003	788.8828140441358	nm	i	True	['2023ApJ...955L...6Y', '2024MNRAS.527.2452M']			0.059
AT2021sdu	22.297087250565173	7.779638621859665	59550.20394679997	788.8828140441358	nm	i	True	['2023ApJ...955L...6Y', '2024MNRAS.527.2452M']			0.059
AT2021sdu	6.233665401555874	6.609054720344483	59550.20488430001	788.8828140441358	nm	i	True	['2023ApJ...955L...6Y', '2024MNRAS.527.2452M']			0.059
AT2021sdu	38.16041558856589	11.544913142969078	59622.20082180016	635.1609403231913	nm	r	True	['2023ApJ...955L...6Y', '2024MNRAS.527.2452M']			0.059
AT2021sdu	46.37446939589659	14.519323114636546	59623.18229170004	788.8828140441358	nm	i	True	['2023ApJ...955L...6Y', '2024MNRAS.527.2452M']			0.059
AT2021sdu	9.659825096803141	10.163026278186333	59623.18277780013	788.8828140441358	nm	i	True	['2023ApJ...955L...6Y', '2024MNRAS.527.2452M']			0.059
AT2021sdu	32.80287699713232	8.78321825606622	59624.14138890011	472.76786118847235	nm	g	True	['2023ApJ...955L...6Y', '2024MNRAS.527.2452M']			0.059
AT2021sdu	35.462690083940444	10.93544525515152	59624.18255789997	635.1609403231913	nm	r	True	['2023ApJ...955L...6Y', '2024MNRAS.527.2452M']			0.059
AT2021sdu	45.52593665488716	12.21763664213416	59627.15562500013	635.1609403231913	nm	r	True	['2023ApJ...955L...6Y', '2024MNRAS.527.2452M']			0.059
AT2021sdu	-14.437897918336866	16.172182350351147	59627.17775460007	472.76786118847235	nm	g	True	['2023ApJ...955L...6Y', '2024MNRAS.527.2452M']			0.059
AT2021sdu	17.693708479160616	7.593437726212275	59629.14589119982	635.1609403231913	nm	r	True	['2023ApJ...955L...6Y', '2024MNRAS.527.2452M']			0.059
AT2021sdu	22.519131975322292	12.50643126833599	59629.17348380014	472.76786118847235	nm	g	True	['2023ApJ...955L...6Y', '2024MNRAS.527.2452M']			0.059
AT2021sdu	3.148216101019475	11.865917272036286	59708.48429400008	635.1609403231913	nm	r	True	['2023ApJ...955L...6Y', '2024MNRAS.527.2452M']			0.059
AT2021sdu	44.47428144275025	13.313255180762905	59708.48672450008	635.1609403231913	nm	r	True	['2023ApJ...955L...6Y', '2024MNRAS.527.2452M']			0.059
AT2021sdu	22.635114441666047	14.190333619407358	59708.48915510019	635.1609403231913	nm	r	True	['2023ApJ...955L...6Y', '2024MNRAS.527.2452M']			0.059
AT2021sdu	46.76098989109491	17.586584263447694	59708.49159719981	635.1609403231913	nm	r	True	['2023ApJ...955L...6Y', '2024MNRAS.527.2452M']			0.059
AT2021sdu	48.47932786836987	11.27964282854492	59710.48164349981	635.1609403231913	nm	r	True	['2023ApJ...955L...6Y', '2024MNRAS.527.2452M']			0.059
AT2021sdu	48.67036612566079	13.098368261377455	59710.48649309995	635.1609403231913	nm	r	True	['2023ApJ...955L...6Y', '2024MNRAS.527.2452M']			0.059
AT2021sdu	16.574724679339244	15.174549267778907	59710.48892359994	635.1609403231913	nm	r	True	['2023ApJ...955L...6Y', '2024MNRAS.527.2452M']			0.059
AT2021sdu	35.88272955128978	18.282526995025183	59710.49135420006	635.1609403231913	nm	r	True	['2023ApJ...955L...6Y', '2024MNRAS.527.2452M']			0.059
AT2021sdu	38.233470875888564	10.225965569757403	59712.48092589993	635.1609403231913	nm	r	True	['2023ApJ...955L...6Y', '2024MNRAS.527.2452M']			0.059
AT2021sdu	12.149827465403716	9.7696573428798	59712.4832870001	635.1609403231913	nm	r	True	['2023ApJ...955L...6Y', '2024MNRAS.527.2452M']			0.059
AT2021sdu	4.002097718462896	11.945988976574814	59712.4856480998	635.1609403231913	nm	r	True	['2023ApJ...955L...6Y', '2024MNRAS.527.2452M']			0.059
AT2021sdu	14.754262059525965	12.12630241628559	59712.488020800054	635.1609403231913	nm	r	True	['2023ApJ...955L...6Y', '2024MNRAS.527.2452M']			0.059
AT2021sdu	0.7140389890290417	20.51990404339142	59712.490393499844	635.1609403231913	nm	r	True	['2023ApJ...955L...6Y', '2024MNRAS.527.2452M']			0.059
AT2021sdu	25.731969596948137	11.618283867217201	59713.48518519988	635.1609403231913	nm	r	True	['2023ApJ...955L...6Y', '2024MNRAS.527.2452M']			0.059
AT2021sdu	5.0007979838856835	12.916718110726485	59713.48754630005	635.1609403231913	nm	r	True	['2023ApJ...955L...6Y', '2024MNRAS.527.2452M']			0.059
AT2021sdu	36.93329282350083	14.163847151869051	59714.482199099846	635.1609403231913	nm	r	True	['2023ApJ...955L...6Y', '2024MNRAS.527.2452M']			0.059
AT2021sdu	8.247870711511945	14.93075723648779	59714.48461809987	635.1609403231913	nm	r	True	['2023ApJ...955L...6Y', '2024MNRAS.527.2452M']			0.059
AT2021sdu	17.381933996784653	7.178801215161237	59725.46475689998	635.1609403231913	nm	r	True	['2023ApJ...955L...6Y', '2024MNRAS.527.2452M']			0.059
AT2021sdu	36.91281360099801	7.033874181258523	59725.46677079983	635.1609403231913	nm	r	False	['2023ApJ...955L...6Y', '2024MNRAS.527.2452M']			0.059
AT2021sdu	12.93929349821505	6.134457258871931	59725.46877310006	635.1609403231913	nm	r	True	['2023ApJ...955L...6Y', '2024MNRAS.527.2452M']			0.059
AT2021sdu	21.81164642416416	7.023876831741384	59725.47505789995	635.1609403231913	nm	r	True	['2023ApJ...955L...6Y', '2024MNRAS.527.2452M']			0.059
AT2021sdu	38.52795926362728	8.97541960827049	59725.4770717998	635.1609403231913	nm	r	True	['2023ApJ...955L...6Y', '2024MNRAS.527.2452M']			0.059
AT2021sdu	12.214915871546593	6.734576165139826	59726.46391199995	635.1609403231913	nm	r	True	['2023ApJ...955L...6Y', '2024MNRAS.527.2452M']			0.059
AT2021sdu	20.80323160920709	7.440469864905756	59726.46587960003	635.1609403231913	nm	r	True	['2023ApJ...955L...6Y', '2024MNRAS.527.2452M']			0.059
AT2021sdu	19.175430816673675	7.731414516871351	59726.46784720011	635.1609403231913	nm	r	True	['2023ApJ...955L...6Y', '2024MNRAS.527.2452M']			0.059
AT2021sdu	10.848712282447543	6.929585620424318	59726.469826399814	635.1609403231913	nm	r	True	['2023ApJ...955L...6Y', '2024MNRAS.527.2452M']			0.059
AT2021sdu	18.230385471613282	7.750175867642461	59726.471793999895	635.1609403231913	nm	r	True	['2023ApJ...955L...6Y', '2024MNRAS.527.2452M']			0.059
AT2021sdu	9.397890109185967	9.361105567798413	59727.465983800124	635.1609403231913	nm	r	True	['2023ApJ...955L...6Y', '2024MNRAS.527.2452M']			0.059
AT2021sdu	20.200646026170407	9.085456446458448	59727.467951400205	635.1609403231913	nm	r	True	['2023ApJ...955L...6Y', '2024MNRAS.527.2452M']			0.059
AT2021sdu	19.824631982032606	8.155727013307562	59727.46993059991	635.1609403231913	nm	r	True	['2023ApJ...955L...6Y', '2024MNRAS.527.2452M']			0.059
AT2021sdu	16.234037159856623	8.689602651107162	59727.47189809987	635.1609403231913	nm	r	True	['2023ApJ...955L...6Y', '2024MNRAS.527.2452M']			0.059
AT2021sdu	15.621040872817803	7.409402330437978	59729.46208330011	635.1609403231913	nm	r	True	['2023ApJ...955L...6Y', '2024MNRAS.527.2452M']			0.059
AT2021sdu	15.408207549365448	6.2484905807399205	59729.46405090019	635.1609403231913	nm	r	True	['2023ApJ...955L...6Y', '2024MNRAS.527.2452M']			0.059
AT2021sdu	31.134094097994137	9.256092059971401	59729.46601849981	635.1609403231913	nm	r	True	['2023ApJ...955L...6Y', '2024MNRAS.527.2452M']			0.059
AT2021sdu	16.338370515519372	6.066580495074467	59729.467997699976	635.1609403231913	nm	r	True	['2023ApJ...955L...6Y', '2024MNRAS.527.2452M']			0.059
AT2021sdu	15.574710856683254	7.544070603765653	59729.469976900145	635.1609403231913	nm	r	True	['2023ApJ...955L...6Y', '2024MNRAS.527.2452M']			0.059
AT2021sdu	18.996663397560443	5.984402817804192	59730.46295139985	635.1609403231913	nm	r	True	['2023ApJ...955L...6Y', '2024MNRAS.527.2452M']			0.059
AT2021sdu	18.621093800513126	5.074903633959358	59730.464884299785	635.1609403231913	nm	r	True	['2023ApJ...955L...6Y', '2024MNRAS.527.2452M']			0.059
AT2021sdu	-0.5758716729896177	4.9006957886019595	59730.46681710007	635.1609403231913	nm	r	True	['2023ApJ...955L...6Y', '2024MNRAS.527.2452M']			0.059
AT2021sdu	15.285159460903666	5.809387091032773	59730.46873839991	635.1609403231913	nm	r	True	['2023ApJ...955L...6Y', '2024MNRAS.527.2452M']			0.059
AT2021sdu	19.691878263430265	5.908592078622624	59730.470671299845	635.1609403231913	nm	r	True	['2023ApJ...955L...6Y', '2024MNRAS.527.2452M']			0.059
AT2021sdu	13.85427499450805	7.304351320885335	59731.46158559993	635.1609403231913	nm	r	True	['2023ApJ...955L...6Y', '2024MNRAS.527.2452M']			0.059
AT2021sdu	23.55685108263181	6.822394360610543	59731.46359949978	635.1609403231913	nm	r	True	['2023ApJ...955L...6Y', '2024MNRAS.527.2452M']			0.059
AT2021sdu	22.664525763400036	6.843760651599243	59731.465625000186	635.1609403231913	nm	r	True	['2023ApJ...955L...6Y', '2024MNRAS.527.2452M']			0.059
AT2021sdu	17.58304478459227	7.166359849049393	59731.46763890004	635.1609403231913	nm	r	True	['2023ApJ...955L...6Y', '2024MNRAS.527.2452M']			0.059
AT2021sdu	22.091393148746256	7.774767433374282	59731.46966439998	635.1609403231913	nm	r	True	['2023ApJ...955L...6Y', '2024MNRAS.527.2452M']			0.059
AT2021sdu	-2.101051998190287	9.561838786613405	59738.44952550018	788.8828140441358	nm	i	True	['2023ApJ...955L...6Y', '2024MNRAS.527.2452M']			0.059
AT2021sdu	23.646206363065616	12.653841449648393	59738.450000000186	788.8828140441358	nm	i	True	['2023ApJ...955L...6Y', '2024MNRAS.527.2452M']			0.059
AT2021sdu	8.390503511147108	13.245184668662592	59748.44249999989	788.8828140441358	nm	i	True	['2023ApJ...955L...6Y', '2024MNRAS.527.2452M']			0.059
AT2021sdu	-3.7094609909740375	9.962322616917453	59749.446886599995	788.8828140441358	nm	i	True	['2023ApJ...955L...6Y', '2024MNRAS.527.2452M']			0.059
AT2021sdu	17.641365130986596	10.862976981875509	59753.39303239994	788.8828140441358	nm	i	True	['2023ApJ...955L...6Y', '2024MNRAS.527.2452M']			0.059
AT2021sdu	3.892703586230485	4.5484606424618494	59757.44594909996	472.76786118847235	nm	g	True	['2023ApJ...955L...6Y', '2024MNRAS.527.2452M']			0.059
AT2021sdu	7.6253608283507015	9.875326184986498	59761.449803200085	788.8828140441358	nm	i	True	['2023ApJ...955L...6Y', '2024MNRAS.527.2452M']			0.059
AT2021sdu	15.217219694563925	7.174913944748482	59761.450277800206	788.8828140441358	nm	i	True	['2023ApJ...955L...6Y', '2024MNRAS.527.2452M']			0.059
AT2021sdu	5.239420901474937	9.89823434822379	59764.44312500022	788.8828140441358	nm	i	True	['2023ApJ...955L...6Y', '2024MNRAS.527.2452M']			0.059
AT2021sdu	3.9378004446726735	6.285730973618941	59764.44499999983	788.8828140441358	nm	i	True	['2023ApJ...955L...6Y', '2024MNRAS.527.2452M']			0.059
AT2021sdu	3.79194040399932	4.120598574740325	59765.42752309982	472.76786118847235	nm	g	True	['2023ApJ...955L...6Y', '2024MNRAS.527.2452M']			0.059
AT2021sdu	13.482666395341695	5.157326202372814	59765.4514583	635.1609403231913	nm	r	True	['2023ApJ...955L...6Y', '2024MNRAS.527.2452M']			0.059
AT2021sdu	-19.4680916027598	4.137034332590174	59768.40716439998	472.76786118847235	nm	g	True	['2023ApJ...955L...6Y', '2024MNRAS.527.2452M']			0.059
AT2021sdu	-11.394956044144278	4.038350294008148	59768.45376159996	472.76786118847235	nm	g	True	['2023ApJ...955L...6Y', '2024MNRAS.527.2452M']			0.059
AT2021sdu	1.8491052891615258	3.894502876587315	59770.41707180021	472.76786118847235	nm	g	True	['2023ApJ...955L...6Y', '2024MNRAS.527.2452M']			0.059
AT2021sdu	-1.8089318285110707	4.236107903688112	59770.45141200023	472.76786118847235	nm	g	True	['2023ApJ...955L...6Y', '2024MNRAS.527.2452M']			0.059
AT2021sdu	14.751964715502353	9.342612156023646	59772.367858800106	635.1609403231913	nm	r	True	['2023ApJ...955L...6Y', '2024MNRAS.527.2452M']			0.059
AT2021sdu	12.05993394757947	4.957414056319824	59772.46372690005	635.1609403231913	nm	r	True	['2023ApJ...955L...6Y', '2024MNRAS.527.2452M']			0.059
AT2021sdu	-14.961234986325717	10.539698132104284	59774.36696759984	635.1609403231913	nm	r	True	['2023ApJ...955L...6Y', '2024MNRAS.527.2452M']			0.059
AT2021sdu	15.25958978041973	7.457991044983696	59775.416527799796	635.1609403231913	nm	r	True	['2023ApJ...955L...6Y', '2024MNRAS.527.2452M']			0.059
AT2021sdu	-9.199317217495386	6.240635859434859	59775.46097220015	635.1609403231913	nm	r	True	['2023ApJ...955L...6Y', '2024MNRAS.527.2452M']			0.059
AT2021sdu	20.19794135762429	6.512943745088889	59778.43517359998	635.1609403231913	nm	r	True	['2023ApJ...955L...6Y', '2024MNRAS.527.2452M']			0.059
AT2021sdu	9.472772878350797	5.85248023935943	59778.46295139985	635.1609403231913	nm	r	True	['2023ApJ...955L...6Y', '2024MNRAS.527.2452M']			0.059
AT2021sdu	-12.000506116790843	4.677687619602158	59783.345324099995	472.76786118847235	nm	g	True	['2023ApJ...955L...6Y', '2024MNRAS.527.2452M']			0.059
AT2021sdu	-3.798647580111652	6.520958077314817	59783.445787000004	788.8828140441358	nm	i	True	['2023ApJ...955L...6Y', '2024MNRAS.527.2452M']			0.059
AT2021sdu	6.57352259409643	9.467530312075283	59783.446261600126	788.8828140441358	nm	i	True	['2023ApJ...955L...6Y', '2024MNRAS.527.2452M']			0.059
AT2021sdu	0.14727746957444587	4.031080255502421	59785.409525500145	635.1609403231913	nm	r	True	['2023ApJ...955L...6Y', '2024MNRAS.527.2452M']			0.059
AT2021sdu	-16.32610419542607	4.1456642996270965	59785.45193290012	472.76786118847235	nm	g	True	['2023ApJ...955L...6Y', '2024MNRAS.527.2452M']			0.059
AT2021sdu	5.011276907356075	9.618732213185112	59786.43136569997	788.8828140441358	nm	i	True	['2023ApJ...955L...6Y', '2024MNRAS.527.2452M']			0.059
AT2021sdu	22.76999155002115	6.74578812935518	59786.431840300094	788.8828140441358	nm	i	True	['2023ApJ...955L...6Y', '2024MNRAS.527.2452M']			0.059
AT2021sdu	3.854390879846002	5.205991960504538	59787.43053240003	635.1609403231913	nm	r	True	['2023ApJ...955L...6Y', '2024MNRAS.527.2452M']			0.059
AT2021sdu	-18.292549205021647	4.48211835396039	59787.452129600104	472.76786118847235	nm	g	True	['2023ApJ...955L...6Y', '2024MNRAS.527.2452M']			0.059
AT2021sdu	12.361325767681366	8.099149092461898	59789.432986100204	788.8828140441358	nm	i	True	['2023ApJ...955L...6Y', '2024MNRAS.527.2452M']			0.059
AT2021sdu	27.466439233278223	7.011345272058121	59789.43346060021	788.8828140441358	nm	i	True	['2023ApJ...955L...6Y', '2024MNRAS.527.2452M']			0.059
AT2021sdu	-2.8560625043818226	4.375327153462218	59790.3657176001	472.76786118847235	nm	g	True	['2023ApJ...955L...6Y', '2024MNRAS.527.2452M']			0.059
AT2021sdu	4.426043450774788	7.259596122645815	59793.434178200085	788.8828140441358	nm	i	True	['2023ApJ...955L...6Y', '2024MNRAS.527.2452M']			0.059
AT2021sdu	2.658988968267005	9.939909228071967	59793.434652800206	788.8828140441358	nm	i	True	['2023ApJ...955L...6Y', '2024MNRAS.527.2452M']			0.059
AT2021sdu	10.898443237736554	5.854253313041443	59797.45074070012	788.8828140441358	nm	i	True	['2023ApJ...955L...6Y', '2024MNRAS.527.2452M']			0.059
AT2021sdu	-11.946009293247256	7.240863485236437	59797.45121529978	788.8828140441358	nm	i	True	['2023ApJ...955L...6Y', '2024MNRAS.527.2452M']			0.059
AT2021sdu	12.346081649731405	3.8973318784223747	59798.40634260001	472.76786118847235	nm	g	True	['2023ApJ...955L...6Y', '2024MNRAS.527.2452M']			0.059
AT2021sdu	6.918882936736085	4.037248716469849	59798.45539350016	635.1609403231913	nm	r	True	['2023ApJ...955L...6Y', '2024MNRAS.527.2452M']			0.059
AT2021sdu	31.780698148050348	10.62108584532865	59800.348541699816	788.8828140441358	nm	i	True	['2023ApJ...955L...6Y', '2024MNRAS.527.2452M']			0.059
AT2021sdu	19.845555714039733	5.894722181116133	59801.428368099965	472.76786118847235	nm	g	True	['2023ApJ...955L...6Y', '2024MNRAS.527.2452M']			0.059
AT2021sdu	9.176456845547378	4.783950098049613	59801.46656250022	635.1609403231913	nm	r	True	['2023ApJ...955L...6Y', '2024MNRAS.527.2452M']			0.059
AT2021sdu	9.94864314411845	8.332976844476624	59803.40855319984	635.1609403231913	nm	r	True	['2023ApJ...955L...6Y', '2024MNRAS.527.2452M']			0.059
AT2021sdu	7.836821397629929	8.62149119403628	59803.47754629981	472.76786118847235	nm	g	True	['2023ApJ...955L...6Y', '2024MNRAS.527.2452M']			0.059
AT2021sdu	-27.412787489321218	14.44007927667091	59804.42797450023	788.8828140441358	nm	i	True	['2023ApJ...955L...6Y', '2024MNRAS.527.2452M']			0.059
AT2021sdu	34.60284164562187	24.45939167945132	59804.42844909988	788.8828140441358	nm	i	True	['2023ApJ...955L...6Y', '2024MNRAS.527.2452M']			0.059
AT2021sdu	-1.8685592105972721	6.8510265107819315	59806.40905090002	635.1609403231913	nm	r	True	['2023ApJ...955L...6Y', '2024MNRAS.527.2452M']			0.059
AT2021sdu	-19.391134684155	8.131894143779888	59806.478379600216	472.76786118847235	nm	g	True	['2023ApJ...955L...6Y', '2024MNRAS.527.2452M']			0.059
AT2021sdu	-18.875449104352136	10.569868277966332	59807.474351900164	788.8828140441358	nm	i	True	['2023ApJ...955L...6Y', '2024MNRAS.527.2452M']			0.059
AT2021sdu	11.129262218549703	7.799080951981596	59807.47482640017	788.8828140441358	nm	i	True	['2023ApJ...955L...6Y', '2024MNRAS.527.2452M']			0.059
AT2021sdu	17.109589987829757	7.19259728381665	59809.37819440011	472.76786118847235	nm	g	True	['2023ApJ...955L...6Y', '2024MNRAS.527.2452M']			0.059
AT2021sdu	-5.477210653991524	6.204839401186798	59809.46403940022	635.1609403231913	nm	r	True	['2023ApJ...955L...6Y', '2024MNRAS.527.2452M']			0.059
AT2021sdu	25.23969559926138	9.359575110182131	59810.262569400016	788.8828140441358	nm	i	True	['2023ApJ...955L...6Y', '2024MNRAS.527.2452M']			0.059
AT2021sdu	-21.944375546191402	13.655360659142955	59810.26351850014	788.8828140441358	nm	i	True	['2023ApJ...955L...6Y', '2024MNRAS.527.2452M']			0.059
AT2021sdu	8.910626101824874	5.548459836946141	59811.35969909979	635.1609403231913	nm	r	True	['2023ApJ...955L...6Y', '2024MNRAS.527.2452M']			0.059
AT2021sdu	10.150195543261054	5.458243336826219	59811.4223842998	472.76786118847235	nm	g	True	['2023ApJ...955L...6Y', '2024MNRAS.527.2452M']			0.059
AT2021sdu	5.362130905195556	3.8830919065390024	59813.341296299826	472.76786118847235	nm	g	True	['2023ApJ...955L...6Y', '2024MNRAS.527.2452M']			0.059
AT2021sdu	-22.402952043188996	9.036854795138177	59813.36083329981	788.8828140441358	nm	i	True	['2023ApJ...955L...6Y', '2024MNRAS.527.2452M']			0.059
AT2021sdu	19.786048408688696	6.797171523370777	59813.36224539997	788.8828140441358	nm	i	True	['2023ApJ...955L...6Y', '2024MNRAS.527.2452M']			0.059
AT2021sdu	-0.3871299897502651	4.607779650984459	59813.38162040012	635.1609403231913	nm	r	True	['2023ApJ...955L...6Y', '2024MNRAS.527.2452M']			0.059
AT2021sdu	7.331367588400268	4.477040073428977	59815.38853010023	635.1609403231913	nm	r	True	['2023ApJ...955L...6Y', '2024MNRAS.527.2452M']			0.059
AT2021sdu	-1.0609502892883382	4.020847910316911	59815.43291669991	472.76786118847235	nm	g	True	['2023ApJ...955L...6Y', '2024MNRAS.527.2452M']			0.059
AT2021sdu	12.098242628056255	6.953679100149035	59816.4036226999	788.8828140441358	nm	i	True	['2023ApJ...955L...6Y', '2024MNRAS.527.2452M']			0.059
AT2021sdu	3.452306164303548	4.255131804498955	59817.47539350018	635.1609403231913	nm	r	True	['2023ApJ...955L...6Y', '2024MNRAS.527.2452M']			0.059
AT2021sdu	-1.8361226553856498	5.990302261063422	59819.36091439985	788.8828140441358	nm	i	True	['2023ApJ...955L...6Y', '2024MNRAS.527.2452M']			0.059
AT2021sdu	-2.9337583827635396	8.100100111909196	59819.36190970009	788.8828140441358	nm	i	True	['2023ApJ...955L...6Y', '2024MNRAS.527.2452M']			0.059
AT2021sdu	0.7712756944139324	3.9477932421995745	59819.42327550007	472.76786118847235	nm	g	True	['2023ApJ...955L...6Y', '2024MNRAS.527.2452M']			0.059
AT2021sdu	-8.36596469434946	4.4207522204190886	59819.47281249985	635.1609403231913	nm	r	True	['2023ApJ...955L...6Y', '2024MNRAS.527.2452M']			0.059
AT2021sdu	1.5027176423329078	4.78303418933028	59822.466030099895	635.1609403231913	nm	r	True	['2023ApJ...955L...6Y', '2024MNRAS.527.2452M']			0.059
AT2021sdu	6.788724560329596	10.152229577490552	59823.384884300176	788.8828140441358	nm	i	True	['2023ApJ...955L...6Y', '2024MNRAS.527.2452M']			0.059
AT2021sdu	8.000114787416168	6.270768934245362	59823.38535880018	788.8828140441358	nm	i	True	['2023ApJ...955L...6Y', '2024MNRAS.527.2452M']			0.059
AT2021sdu	9.982262087086385	4.499075077022347	59824.38415510021	635.1609403231913	nm	r	True	['2023ApJ...955L...6Y', '2024MNRAS.527.2452M']			0.059
AT2021sdu	-12.408110816120127	4.492025442698281	59824.404374999925	472.76786118847235	nm	g	True	['2023ApJ...955L...6Y', '2024MNRAS.527.2452M']			0.059
AT2021sdu	-0.4875497827806294	4.904629313843641	59826.43120370014	635.1609403231913	nm	r	True	['2023ApJ...955L...6Y', '2024MNRAS.527.2452M']			0.059
AT2021sdu	0.9621472034549576	6.716886624433833	59827.40533560002	788.8828140441358	nm	i	True	['2023ApJ...955L...6Y', '2024MNRAS.527.2452M']			0.059
AT2021sdu	2.288323707213672	4.65174019811217	59828.45523149986	635.1609403231913	nm	r	True	['2023ApJ...955L...6Y', '2024MNRAS.527.2452M']			0.059
AT2021sdu	13.981331310556508	4.673693519102286	59828.46872689994	472.76786118847235	nm	g	True	['2023ApJ...955L...6Y', '2024MNRAS.527.2452M']			0.059
AT2021sdu	10.292123508911786	4.284423112496233	59839.3055786998	472.76786118847235	nm	g	True	['2023ApJ...955L...6Y', '2024MNRAS.527.2452M']			0.059
AT2021sdu	-0.6841939564462318	4.207900606163223	59839.36275460012	472.76786118847235	nm	g	True	['2023ApJ...955L...6Y', '2024MNRAS.527.2452M']			0.059
AT2021sdu	9.298577449475557	4.424301302986693	59840.36093749991	472.76786118847235	nm	g	True	['2023ApJ...955L...6Y', '2024MNRAS.527.2452M']			0.059
AT2021sdu	0.4083681409224523	3.6335238736494606	59841.28229170013	472.76786118847235	nm	g	True	['2023ApJ...955L...6Y', '2024MNRAS.527.2452M']			0.059
AT2021sdu	7.725550965475777	3.4879266477976825	59841.29982639989	472.76786118847235	nm	g	True	['2023ApJ...955L...6Y', '2024MNRAS.527.2452M']			0.059
AT2021sdu	2.7551978806840576	3.862430314073082	59841.32109950017	472.76786118847235	nm	g	True	['2023ApJ...955L...6Y', '2024MNRAS.527.2452M']			0.059
AT2021sdu	-8.124475085804143	8.16757176929569	59842.34123839997	788.8828140441358	nm	i	True	['2023ApJ...955L...6Y', '2024MNRAS.527.2452M']			0.059
AT2021sdu	5.39282404136563	6.8985994158474995	59842.34218750009	788.8828140441358	nm	i	True	['2023ApJ...955L...6Y', '2024MNRAS.527.2452M']			0.059
AT2021sdu	-8.87323731647066	4.904956773246269	59843.30662039993	635.1609403231913	nm	r	True	['2023ApJ...955L...6Y', '2024MNRAS.527.2452M']			0.059
AT2021sdu	-5.8205076704537815	4.164002884035918	59843.342430599965	472.76786118847235	nm	g	True	['2023ApJ...955L...6Y', '2024MNRAS.527.2452M']			0.059
AT2021sdu	28.27455755723621	7.246520925446131	59846.342442099936	788.8828140441358	nm	i	True	['2023ApJ...955L...6Y', '2024MNRAS.527.2452M']			0.059
AT2021sdu	-14.19977093685197	9.361250224727076	59846.34339120006	788.8828140441358	nm	i	True	['2023ApJ...955L...6Y', '2024MNRAS.527.2452M']			0.059
AT2021sdu	-3.434535781414522	3.837520081378473	59846.365289399866	472.76786118847235	nm	g	True	['2023ApJ...955L...6Y', '2024MNRAS.527.2452M']			0.059
AT2021sdu	13.930943204176545	4.718914975387148	59846.42048610002	635.1609403231913	nm	r	True	['2023ApJ...955L...6Y', '2024MNRAS.527.2452M']			0.059
AT2021sdu	1.4959679231313778	4.801456282206327	59848.34174769977	635.1609403231913	nm	r	True	['2023ApJ...955L...6Y', '2024MNRAS.527.2452M']			0.059
AT2021sdu	-9.150611307378352	4.032899660549293	59848.3682754999	472.76786118847235	nm	g	True	['2023ApJ...955L...6Y', '2024MNRAS.527.2452M']			0.059
AT2021sdu	5.106218154081028	7.273214311920876	59849.36126160016	788.8828140441358	nm	i	True	['2023ApJ...955L...6Y', '2024MNRAS.527.2452M']			0.059
AT2021sdu	7.592757885418059	8.038430668761702	59849.38090279978	788.8828140441358	nm	i	True	['2023ApJ...955L...6Y', '2024MNRAS.527.2452M']			0.059
AT2021sdu	6.019586614017858	5.00783362330642	59850.27826389996	635.1609403231913	nm	r	True	['2023ApJ...955L...6Y', '2024MNRAS.527.2452M']			0.059
AT2021sdu	2.570362357785496	3.462672681887981	59850.38251159992	472.76786118847235	nm	g	True	['2023ApJ...955L...6Y', '2024MNRAS.527.2452M']			0.059
AT2021sdu	-0.26217678957796675	5.120736771231715	59852.32582180016	635.1609403231913	nm	r	True	['2023ApJ...955L...6Y', '2024MNRAS.527.2452M']			0.059
AT2021sdu	-1.3628132326866609	4.109801535919853	59852.34041670011	472.76786118847235	nm	g	True	['2023ApJ...955L...6Y', '2024MNRAS.527.2452M']			0.059
AT2021sdu	-20.7088102132278	7.931351985941576	59853.41173609998	788.8828140441358	nm	i	True	['2023ApJ...955L...6Y', '2024MNRAS.527.2452M']			0.059
AT2021sdu	14.739996174878813	5.993872542617514	59853.41271989979	788.8828140441358	nm	i	True	['2023ApJ...955L...6Y', '2024MNRAS.527.2452M']			0.059
AT2021sdu	4.474638940633425	4.013064308481684	59854.30129629979	635.1609403231913	nm	r	True	['2023ApJ...955L...6Y', '2024MNRAS.527.2452M']			0.059
AT2021sdu	-1.8675639206524144	3.655065234943683	59854.36984949978	472.76786118847235	nm	g	True	['2023ApJ...955L...6Y', '2024MNRAS.527.2452M']			0.059
AT2021sdu	8.281818981351755	5.360276360479489	59856.32034720015	472.76786118847235	nm	g	True	['2023ApJ...955L...6Y', '2024MNRAS.527.2452M']			0.059
AT2021sdu	3.8276040236457	8.768424362976733	59856.370763900224	788.8828140441358	nm	i	True	['2023ApJ...955L...6Y', '2024MNRAS.527.2452M']			0.059
AT2021sdu	26.207203567745157	6.8481194288208975	59856.371701399796	788.8828140441358	nm	i	True	['2023ApJ...955L...6Y', '2024MNRAS.527.2452M']			0.059
AT2021sdu	-26.91608931157804	8.196477551012045	59858.29606480012	635.1609403231913	nm	r	True	['2023ApJ...955L...6Y', '2024MNRAS.527.2452M']			0.059
AT2021sdu	11.392354807702842	3.636783128541735	59858.43033559993	472.76786118847235	nm	g	True	['2023ApJ...955L...6Y', '2024MNRAS.527.2452M']			0.059
AT2021sdu	13.973590519046223	9.939564276807703	59859.383784700185	788.8828140441358	nm	i	True	['2023ApJ...955L...6Y', '2024MNRAS.527.2452M']			0.059
AT2021sdu	20.85135943260933	7.502519110636194	59859.38425929984	788.8828140441358	nm	i	True	['2023ApJ...955L...6Y', '2024MNRAS.527.2452M']			0.059
AT2021sdu	-6.93596873427571	9.430500484008354	59860.18261570018	635.1609403231913	nm	r	True	['2023ApJ...955L...6Y', '2024MNRAS.527.2452M']			0.059
AT2021sdu	8.632817273041717	6.679402396047498	59860.2817592998	472.76786118847235	nm	g	True	['2023ApJ...955L...6Y', '2024MNRAS.527.2452M']			0.059
AT2021sdu	8.617315021842956	7.960844995855357	59860.29364580009	472.76786118847235	nm	g	True	['2023ApJ...955L...6Y', '2024MNRAS.527.2452M']			0.059
AT2021sdu	-7.990610516326061	11.010369377559167	59862.30984950019	635.1609403231913	nm	r	True	['2023ApJ...955L...6Y', '2024MNRAS.527.2452M']			0.059
AT2021sdu	-0.9952706908817299	13.113437886645702	59862.348784700036	788.8828140441358	nm	i	True	['2023ApJ...955L...6Y', '2024MNRAS.527.2452M']			0.059
AT2021sdu	19.873551017162782	10.553377113250614	59862.34925930016	788.8828140441358	nm	i	True	['2023ApJ...955L...6Y', '2024MNRAS.527.2452M']			0.059
AT2021sdu	36.34321870345233	12.442090885609872	59862.38766200002	472.76786118847235	nm	g	True	['2023ApJ...955L...6Y', '2024MNRAS.527.2452M']			0.059
AT2021sdu	49.77390700331436	12.248336216668545	59864.39435190009	472.76786118847235	nm	g	True	['2023ApJ...955L...6Y', '2024MNRAS.527.2452M']			0.059
AT2021sdu	33.500198369325645	12.047904407378258	59865.30214119982	788.8828140441358	nm	i	True	['2023ApJ...955L...6Y', '2024MNRAS.527.2452M']			0.059
AT2021sdu	2.7661275850702998	9.624118209338862	59865.302615699824	788.8828140441358	nm	i	True	['2023ApJ...955L...6Y', '2024MNRAS.527.2452M']			0.059
AT2021sdu	2.643351888310839	6.883404664430631	59865.44642359996	472.76786118847235	nm	g	True	['2023ApJ...955L...6Y', '2024MNRAS.527.2452M']			0.059
AT2021sdu	20.869064319575124	6.567349578179781	59866.349710599985	635.1609403231913	nm	r	True	['2023ApJ...955L...6Y', '2024MNRAS.527.2452M']			0.059
AT2021sdu	6.888462933951034	4.963728309224638	59869.29109949991	472.76786118847235	nm	g	True	['2023ApJ...955L...6Y', '2024MNRAS.527.2452M']			0.059
AT2021sdu	-5.361719422469307	7.553603114029215	59870.28268520022	788.8828140441358	nm	i	True	['2023ApJ...955L...6Y', '2024MNRAS.527.2452M']			0.059
AT2021sdu	10.58802432952194	9.802543728207993	59870.28363429988	788.8828140441358	nm	i	True	['2023ApJ...955L...6Y', '2024MNRAS.527.2452M']			0.059
AT2021sdu	14.617360071792085	5.497846100736701	59871.195081000216	635.1609403231913	nm	r	True	['2023ApJ...955L...6Y', '2024MNRAS.527.2452M']			0.059
AT2021sdu	3.570384378170604	4.679559980802628	59871.240370399784	472.76786118847235	nm	g	True	['2023ApJ...955L...6Y', '2024MNRAS.527.2452M']			0.059
AT2021sdu	1.2764615396871992	4.258573092188459	59872.330069399904	472.76786118847235	nm	g	True	['2023ApJ...955L...6Y', '2024MNRAS.527.2452M']			0.059
AT2021sdu	1.9506350976224647	3.88701814130912	59873.21921300003	472.76786118847235	nm	g	True	['2023ApJ...955L...6Y', '2024MNRAS.527.2452M']			0.059
AT2021sdu	-17.85590058570037	6.451003700819785	59873.32174770022	635.1609403231913	nm	r	True	['2023ApJ...955L...6Y', '2024MNRAS.527.2452M']			0.059
AT2021sdu	17.227998186890233	4.478705713423088	59877.282777800225	472.76786118847235	nm	g	True	['2023ApJ...955L...6Y', '2024MNRAS.527.2452M']			0.059
AT2021sdu	6.052330381466379	4.536685723495981	59877.3468865999	635.1609403231913	nm	r	True	['2023ApJ...955L...6Y', '2024MNRAS.527.2452M']			0.059
AT2021sdu	6.70629476738487	11.016157811347776	59879.2207986	788.8828140441358	nm	i	True	['2023ApJ...955L...6Y', '2024MNRAS.527.2452M']			0.059
AT2021sdu	14.249622754127449	8.277814138704581	59879.22128470009	788.8828140441358	nm	i	True	['2023ApJ...955L...6Y', '2024MNRAS.527.2452M']			0.059
AT2021sdu	18.301603709093705	4.209177484039829	59879.32481480017	472.76786118847235	nm	g	True	['2023ApJ...955L...6Y', '2024MNRAS.527.2452M']			0.059
AT2021sdu	6.863652579572622	5.06103718736261	59881.27885420015	635.1609403231913	nm	r	True	['2023ApJ...955L...6Y', '2024MNRAS.527.2452M']			0.059
AT2021sdu	-2.969484068022449	4.0400716719424326	59881.33021989977	472.76786118847235	nm	g	True	['2023ApJ...955L...6Y', '2024MNRAS.527.2452M']			0.059
AT2021sdu	-1.9879370276164317	10.534971878860265	59882.12240740005	788.8828140441358	nm	i	True	['2023ApJ...955L...6Y', '2024MNRAS.527.2452M']			0.059
AT2021sdu	4.576435662597169	8.302944608071904	59882.12288190005	788.8828140441358	nm	i	True	['2023ApJ...955L...6Y', '2024MNRAS.527.2452M']			0.059
AT2021sdu	-0.2829420745861753	4.098431015266307	59882.3000115999	635.1609403231913	nm	r	True	['2023ApJ...955L...6Y', '2024MNRAS.527.2452M']			0.059
AT2021sdu	-0.1606965883195956	4.05181930221678	59883.24133099988	472.76786118847235	nm	g	True	['2023ApJ...955L...6Y', '2024MNRAS.527.2452M']			0.059
AT2021sdu	9.6426358178678	5.21801203366777	59883.30531249987	635.1609403231913	nm	r	True	['2023ApJ...955L...6Y', '2024MNRAS.527.2452M']			0.059
AT2021sdu	35.54160175872585	12.434617601197148	59887.322777799796	788.8828140441358	nm	i	True	['2023ApJ...955L...6Y', '2024MNRAS.527.2452M']			0.059
AT2021sdu	-5.661093204756552	9.253037722759053	59887.3232522998	788.8828140441358	nm	i	True	['2023ApJ...955L...6Y', '2024MNRAS.527.2452M']			0.059
AT2021sdu	7.84587421218606	15.202723656292012	59888.23613430001	472.76786118847235	nm	g	True	['2023ApJ...955L...6Y', '2024MNRAS.527.2452M']			0.059
AT2021sdu	-5.979318427313494	8.786351382031462	59888.270150499884	472.76786118847235	nm	g	True	['2023ApJ...955L...6Y', '2024MNRAS.527.2452M']			0.059
AT2021sdu	12.241044493822146	13.110934504760637	59890.11576389987	788.8828140441358	nm	i	True	['2023ApJ...955L...6Y', '2024MNRAS.527.2452M']			0.059
AT2021sdu	18.144725590989605	7.611425524531729	59894.30524310004	635.1609403231913	nm	r	True	['2023ApJ...955L...6Y', '2024MNRAS.527.2452M']			0.059
AT2021sdu	4.418094719313982	11.115084539110438	59895.265231499914	788.8828140441358	nm	i	True	['2023ApJ...955L...6Y', '2024MNRAS.527.2452M']			0.059
AT2021sdu	-0.08798523386516942	8.567670932795961	59895.26618060004	788.8828140441358	nm	i	True	['2023ApJ...955L...6Y', '2024MNRAS.527.2452M']			0.059
AT2021sdu	18.207144180997155	8.332969819363921	59896.18623840017	472.76786118847235	nm	g	True	['2023ApJ...955L...6Y', '2024MNRAS.527.2452M']			0.059
AT2021sdu	10.486689932956583	6.604717415153481	59896.276493099984	635.1609403231913	nm	r	True	['2023ApJ...955L...6Y', '2024MNRAS.527.2452M']			0.059
AT2021sdu	7.884092957353644	5.416420048546186	59898.21788189979	472.76786118847235	nm	g	True	['2023ApJ...955L...6Y', '2024MNRAS.527.2452M']			0.059
AT2021sdu	24.828699949459956	11.964251183105779	59898.34437499987	788.8828140441358	nm	i	True	['2023ApJ...955L...6Y', '2024MNRAS.527.2452M']			0.059
AT2021sdu	24.854039615210603	7.718375166133867	59898.37008100003	788.8828140441358	nm	i	True	['2023ApJ...955L...6Y', '2024MNRAS.527.2452M']			0.059
AT2021sdu	23.491197931773197	6.311168481303797	59900.20651620021	472.76786118847235	nm	g	True	['2023ApJ...955L...6Y', '2024MNRAS.527.2452M']			0.059
AT2021sdu	16.521263005646016	8.10325133849533	59902.21696759993	788.8828140441358	nm	i	True	['2023ApJ...955L...6Y', '2024MNRAS.527.2452M']			0.059
AT2021sdu	1.9753281904745674	10.07535408214324	59902.23518519988	788.8828140441358	nm	i	True	['2023ApJ...955L...6Y', '2024MNRAS.527.2452M']			0.059
AT2021sdu	16.373816192657387	8.802571335215156	59902.2581944	635.1609403231913	nm	r	True	['2023ApJ...955L...6Y', '2024MNRAS.527.2452M']			0.059
AT2021sdu	-6.348444441018018	4.471316947797348	59904.181261599995	472.76786118847235	nm	g	True	['2023ApJ...955L...6Y', '2024MNRAS.527.2452M']			0.059
AT2021sdu	2.7719445952964232	6.403564752295347	59904.19702549977	635.1609403231913	nm	r	True	['2023ApJ...955L...6Y', '2024MNRAS.527.2452M']			0.059
AT2021sdu	10.874994074645585	3.6814346777265725	59906.200925900135	472.76786118847235	nm	g	True	['2023ApJ...955L...6Y', '2024MNRAS.527.2452M']			0.059
AT2021sdu	-0.34071508089263897	5.136510464888995	59906.24131939979	635.1609403231913	nm	r	True	['2023ApJ...955L...6Y', '2024MNRAS.527.2452M']			0.059
AT2021sdu	26.71381660920811	5.94361197298784	59908.24135420006	472.76786118847235	nm	g	True	['2023ApJ...955L...6Y', '2024MNRAS.527.2452M']			0.059
AT2021sdu	5.727257674934888	5.158002929427879	59910.1813542	635.1609403231913	nm	r	True	['2023ApJ...955L...6Y', '2024MNRAS.527.2452M']			0.059
AT2021sdu	12.341162398284732	4.939465764202571	59910.21646990022	472.76786118847235	nm	g	True	['2023ApJ...955L...6Y', '2024MNRAS.527.2452M']			0.059
AT2021sdu	-1.9052890972920404	5.855161359506779	59913.164861099795	635.1609403231913	nm	r	True	['2023ApJ...955L...6Y', '2024MNRAS.527.2452M']			0.059
AT2021sdu	20.63058519642025	4.989495387998203	59913.22706020018	472.76786118847235	nm	g	True	['2023ApJ...955L...6Y', '2024MNRAS.527.2452M']			0.059
AT2021sdu	23.831571776604807	15.541197381887118	59913.30128470017	788.8828140441358	nm	i	True	['2023ApJ...955L...6Y', '2024MNRAS.527.2452M']			0.059
AT2021sdu	17.05160350227692	10.218501898307814	59913.30175929982	788.8828140441358	nm	i	True	['2023ApJ...955L...6Y', '2024MNRAS.527.2452M']			0.059
AT2021sdu	37.74568879738742	8.874251320680793	59922.17884259997	635.1609403231913	nm	r	True	['2023ApJ...955L...6Y', '2024MNRAS.527.2452M']			0.059
AT2021sdu	29.7226767777722	5.554980463271096	59928.17862269981	635.1609403231913	nm	r	False	['2023ApJ...955L...6Y', '2024MNRAS.527.2452M']			0.059
AT2021sdu	28.29858291595282	5.754611766310216	59928.20326389978	472.76786118847235	nm	g	True	['2023ApJ...955L...6Y', '2024MNRAS.527.2452M']			0.059
AT2021sdu	7.595166058613392	4.43336049882845	59932.13109950023	472.76786118847235	nm	g	True	['2023ApJ...955L...6Y', '2024MNRAS.527.2452M']			0.059
AT2021sdu	21.25630702848427	6.125571218675537	59932.227812500205	635.1609403231913	nm	r	True	['2023ApJ...955L...6Y', '2024MNRAS.527.2452M']			0.059
AT2021sdu	4.7294580535580195	3.9251455070035357	59934.17885420006	472.76786118847235	nm	g	True	['2023ApJ...955L...6Y', '2024MNRAS.527.2452M']			0.059
AT2021sdu	15.442914178368481	5.20742578205295	59934.243483799975	635.1609403231913	nm	r	True	['2023ApJ...955L...6Y', '2024MNRAS.527.2452M']			0.059
AT2021sdu	9.189335182863726	5.28664311246395	59936.21912040003	635.1609403231913	nm	r	True	['2023ApJ...955L...6Y', '2024MNRAS.527.2452M']			0.059
AT2021sdu	10.83217654860221	7.564031712939654	59940.304918999784	788.8828140441358	nm	i	True	['2023ApJ...955L...6Y', '2024MNRAS.527.2452M']			0.059
AT2021sdu	-4.073081898337146	12.817472240141901	59951.13865739992	472.76786118847235	nm	g	True	['2023ApJ...955L...6Y', '2024MNRAS.527.2452M']			0.059
AT2021sdu	22.42813169427142	13.976746542974148	59951.2426967998	635.1609403231913	nm	r	True	['2023ApJ...955L...6Y', '2024MNRAS.527.2452M']			0.059
AT2021sdu	37.130405301086775	8.243086832992082	59956.139652799815	635.1609403231913	nm	r	True	['2023ApJ...955L...6Y', '2024MNRAS.527.2452M']			0.059
AT2021sdu	8.660567596228946	11.866858270575138	59956.28206019988	472.76786118847235	nm	g	True	['2023ApJ...955L...6Y', '2024MNRAS.527.2452M']			0.059
AT2021sdu	16.842443943810846	5.066388741088098	59958.15759260021	635.1609403231913	nm	r	True	['2023ApJ...955L...6Y', '2024MNRAS.527.2452M']			0.059
AT2021sdu	11.81775052322053	8.2532421666577	59966.18116899999	635.1609403231913	nm	r	True	['2023ApJ...955L...6Y', '2024MNRAS.527.2452M']			0.059
AT2021sdu	19.64987809052075	10.52684131361545	59966.24708329979	472.76786118847235	nm	g	True	['2023ApJ...955L...6Y', '2024MNRAS.527.2452M']			0.059
AT2021sdu	37.024561603014135	11.189033865175716	59969.2273380002	788.8828140441358	nm	i	True	['2023ApJ...955L...6Y', '2024MNRAS.527.2452M']			0.059
AT2021sdu	20.77440499254095	10.874241662375848	59969.22827549977	788.8828140441358	nm	i	True	['2023ApJ...955L...6Y', '2024MNRAS.527.2452M']			0.059
AT2021sdu	1.1086736464816693	14.637599650869804	60072.48674769979	635.1609403231913	nm	r	True	['2023ApJ...955L...6Y', '2024MNRAS.527.2452M']			0.059
AT2021sdu	14.272533531359905	14.33964058894355	60072.489120400045	635.1609403231913	nm	r	True	['2023ApJ...955L...6Y', '2024MNRAS.527.2452M']			0.059
AT2021sdu	1.475519160526722	16.432796423538356	60072.491493099835	635.1609403231913	nm	r	True	['2023ApJ...955L...6Y', '2024MNRAS.527.2452M']			0.059
AT2021sdu	28.154463609984425	10.41715448138877	60075.48178240005	635.1609403231913	nm	r	True	['2023ApJ...955L...6Y', '2024MNRAS.527.2452M']			0.059
AT2021sdu	-6.102093071923244	11.35558747662393	60075.484201400075	635.1609403231913	nm	r	True	['2023ApJ...955L...6Y', '2024MNRAS.527.2452M']			0.059
AT2021sdu	21.64501140683275	12.810473142568517	60075.48663190007	635.1609403231913	nm	r	True	['2023ApJ...955L...6Y', '2024MNRAS.527.2452M']			0.059
AT2021sdu	-22.106678224142616	14.47255880508607	60075.4890509001	635.1609403231913	nm	r	True	['2023ApJ...955L...6Y', '2024MNRAS.527.2452M']			0.059
AT2021sdu	23.71631463626054	17.22738388761479	60075.49148150021	635.1609403231913	nm	r	True	['2023ApJ...955L...6Y', '2024MNRAS.527.2452M']			0.059
AT2021sdu	2.2741166714539087	9.919217728163208	60076.48096060008	635.1609403231913	nm	r	True	['2023ApJ...955L...6Y', '2024MNRAS.527.2452M']			0.059
AT2021sdu	17.71931710657174	9.44585597119423	60076.48333329987	635.1609403231913	nm	r	True	['2023ApJ...955L...6Y', '2024MNRAS.527.2452M']			0.059
AT2021sdu	16.11048772603649	9.487843944590209	60076.48570600012	635.1609403231913	nm	r	True	['2023ApJ...955L...6Y', '2024MNRAS.527.2452M']			0.059
AT2021sdu	39.03175687609695	11.383024372794614	60076.48807869991	635.1609403231913	nm	r	True	['2023ApJ...955L...6Y', '2024MNRAS.527.2452M']			0.059
AT2021sdu	-27.892352641986793	13.399419949845838	60076.49045140017	635.1609403231913	nm	r	True	['2023ApJ...955L...6Y', '2024MNRAS.527.2452M']			0.059
AT2021sdu	32.70611533821769	8.88719998090128	60077.4795022998	635.1609403231913	nm	r	True	['2023ApJ...955L...6Y', '2024MNRAS.527.2452M']			0.059
AT2021sdu	-3.7128055680838403	9.6012908321819	60077.48186339997	635.1609403231913	nm	r	True	['2023ApJ...955L...6Y', '2024MNRAS.527.2452M']			0.059
AT2021sdu	-9.276284243034892	10.876265784892754	60077.484247699846	635.1609403231913	nm	r	True	['2023ApJ...955L...6Y', '2024MNRAS.527.2452M']			0.059
AT2021sdu	7.78931070482858	10.933524072282726	60077.48660880001	635.1609403231913	nm	r	True	['2023ApJ...955L...6Y', '2024MNRAS.527.2452M']			0.059
AT2021sdu	3.5315227522494665	13.296522837958397	60077.4889814998	635.1609403231913	nm	r	True	['2023ApJ...955L...6Y', '2024MNRAS.527.2452M']			0.059
AT2021sdu	4.7707604994069674	8.723724043179606	60078.48024309985	635.1609403231913	nm	r	True	['2023ApJ...955L...6Y', '2024MNRAS.527.2452M']			0.059
AT2021sdu	11.254613042076233	9.507368157989994	60078.48497689981	635.1609403231913	nm	r	True	['2023ApJ...955L...6Y', '2024MNRAS.527.2452M']			0.059
AT2021sdu	9.53524685630076	10.833559916297203	60078.48734949995	635.1609403231913	nm	r	True	['2023ApJ...955L...6Y', '2024MNRAS.527.2452M']			0.059
AT2021sdu	-17.477162403063062	12.295550072139113	60078.489710600115	635.1609403231913	nm	r	True	['2023ApJ...955L...6Y', '2024MNRAS.527.2452M']			0.059
AT2021sdu	20.530650509396487	8.800995956556756	60079.479884299915	635.1609403231913	nm	r	True	['2023ApJ...955L...6Y', '2024MNRAS.527.2452M']			0.059
AT2021sdu	37.669407222807216	10.159660434409904	60079.48231479991	635.1609403231913	nm	r	True	['2023ApJ...955L...6Y', '2024MNRAS.527.2452M']			0.059
AT2021sdu	5.576417031545403	11.23328288564539	60079.48474540003	635.1609403231913	nm	r	True	['2023ApJ...955L...6Y', '2024MNRAS.527.2452M']			0.059
AT2021sdu	-1.6389592655626117	12.049260752323729	60079.48717590002	635.1609403231913	nm	r	True	['2023ApJ...955L...6Y', '2024MNRAS.527.2452M']			0.059
AT2021sdu	11.045941202983709	14.67467801135638	60079.48959490005	635.1609403231913	nm	r	True	['2023ApJ...955L...6Y', '2024MNRAS.527.2452M']			0.059
AT2021sdu	22.21476334038835	8.197241373407124	60081.479328699876	635.1609403231913	nm	r	True	['2023ApJ...955L...6Y', '2024MNRAS.527.2452M']			0.059
AT2021sdu	29.010577205457377	10.699965346828797	60081.48170140013	635.1609403231913	nm	r	True	['2023ApJ...955L...6Y', '2024MNRAS.527.2452M']			0.059
AT2021sdu	12.332196254752052	10.854600558765652	60081.48406249983	635.1609403231913	nm	r	True	['2023ApJ...955L...6Y', '2024MNRAS.527.2452M']			0.059
AT2021sdu	0.5256522180372228	11.337911696225177	60081.48643520009	635.1609403231913	nm	r	True	['2023ApJ...955L...6Y', '2024MNRAS.527.2452M']			0.059
AT2021sdu	-9.52221300408857	13.495057136896513	60081.48880789988	635.1609403231913	nm	r	True	['2023ApJ...955L...6Y', '2024MNRAS.527.2452M']			0.059
AT2021sdu	-3.0139084127342746	7.620431857181032	60090.46438660007	635.1609403231913	nm	r	True	['2023ApJ...955L...6Y', '2024MNRAS.527.2452M']			0.059
AT2021sdu	3.1214417645649024	7.721623131267433	60090.46640049992	635.1609403231913	nm	r	True	['2023ApJ...955L...6Y', '2024MNRAS.527.2452M']			0.059
AT2021sdu	-15.315456115164022	10.324623998496213	60090.47042819997	635.1609403231913	nm	r	True	['2023ApJ...955L...6Y', '2024MNRAS.527.2452M']			0.059
AT2021sdu	17.88152804660601	8.337583844767902	60090.472442099825	635.1609403231913	nm	r	True	['2023ApJ...955L...6Y', '2024MNRAS.527.2452M']			0.059
AT2021sdu	12.3077134146942	6.235102467470114	60092.46358799981	635.1609403231913	nm	r	True	['2023ApJ...955L...6Y', '2024MNRAS.527.2452M']			0.059
AT2021sdu	-7.831863214287865	5.908717916974639	60092.46555559989	635.1609403231913	nm	r	True	['2023ApJ...955L...6Y', '2024MNRAS.527.2452M']			0.059
AT2021sdu	-5.976906584879037	5.347733818490121	60092.46753469994	635.1609403231913	nm	r	True	['2023ApJ...955L...6Y', '2024MNRAS.527.2452M']			0.059
AT2021sdu	14.835857418390239	5.796855567659342	60092.469502300024	635.1609403231913	nm	r	True	['2023ApJ...955L...6Y', '2024MNRAS.527.2452M']			0.059
AT2021sdu	16.102294878215318	5.550971777982579	60092.47148150019	635.1609403231913	nm	r	True	['2023ApJ...955L...6Y', '2024MNRAS.527.2452M']			0.059
AT2021sdu	-11.453917724750132	5.964835995051608	60093.463680599816	635.1609403231913	nm	r	True	['2023ApJ...955L...6Y', '2024MNRAS.527.2452M']			0.059
AT2021sdu	11.615066495145497	6.040525417389383	60093.46565969987	635.1609403231913	nm	r	True	['2023ApJ...955L...6Y', '2024MNRAS.527.2452M']			0.059
AT2021sdu	12.834010899837317	4.7029434727821595	60093.46762729995	635.1609403231913	nm	r	True	['2023ApJ...955L...6Y', '2024MNRAS.527.2452M']			0.059
AT2021sdu	3.999846255001218	5.924777873129568	60093.46959490003	635.1609403231913	nm	r	True	['2023ApJ...955L...6Y', '2024MNRAS.527.2452M']			0.059
AT2021sdu	10.828722979922375	5.652347632888205	60093.47156250011	635.1609403231913	nm	r	True	['2023ApJ...955L...6Y', '2024MNRAS.527.2452M']			0.059
AT2021sdu	11.07522809362353	5.08243021202409	60094.462245400064	635.1609403231913	nm	r	True	['2023ApJ...955L...6Y', '2024MNRAS.527.2452M']			0.059
AT2021sdu	24.612053450723717	5.656730549368458	60094.464224500116	635.1609403231913	nm	r	True	['2023ApJ...955L...6Y', '2024MNRAS.527.2452M']			0.059
AT2021sdu	1.729965501401476	5.384578527259367	60094.4661921002	635.1609403231913	nm	r	True	['2023ApJ...955L...6Y', '2024MNRAS.527.2452M']			0.059
AT2021sdu	0.25600975536203074	4.801345170384042	60094.46815969981	635.1609403231913	nm	r	True	['2023ApJ...955L...6Y', '2024MNRAS.527.2452M']			0.059
AT2021sdu	17.24988417706344	4.9618209361742	60094.470127299894	635.1609403231913	nm	r	True	['2023ApJ...955L...6Y', '2024MNRAS.527.2452M']			0.059
AT2021sdu	25.884418565798132	9.520117824723416	60110.43255789997	788.8828140441358	nm	i	True	['2023ApJ...955L...6Y', '2024MNRAS.527.2452M']			0.059
AT2021sdu	0.6853199878624356	13.398013790377181	60110.433032399975	788.8828140441358	nm	i	True	['2023ApJ...955L...6Y', '2024MNRAS.527.2452M']			0.059
AT2021sdu	1.1667444572178514	13.015707203922133	60113.410763899796	788.8828140441358	nm	i	True	['2023ApJ...955L...6Y', '2024MNRAS.527.2452M']			0.059
AT2021sdu	0.23748339601309776	8.480763054903676	60114.44379629986	788.8828140441358	nm	i	True	['2023ApJ...955L...6Y', '2024MNRAS.527.2452M']			0.059
AT2021sdu	-4.107313482275194	13.250318812069409	60116.42762729991	788.8828140441358	nm	i	True	['2023ApJ...955L...6Y', '2024MNRAS.527.2452M']			0.059
AT2021sdu	-7.350443847028481	8.87844200795974	60117.44515050016	788.8828140441358	nm	i	True	['2023ApJ...955L...6Y', '2024MNRAS.527.2452M']			0.059
AT2021sdu	13.429414396426855	8.483740456767764	60120.459363400005	788.8828140441358	nm	i	True	['2023ApJ...955L...6Y', '2024MNRAS.527.2452M']			0.059
AT2021sdu	24.13341585261673	10.76589138193497	60122.38204859989	788.8828140441358	nm	i	True	['2023ApJ...955L...6Y', '2024MNRAS.527.2452M']			0.059
AT2021sdu	20.210798841371503	5.5680520322664835	60124.411284700036	472.76786118847235	nm	g	True	['2023ApJ...955L...6Y', '2024MNRAS.527.2452M']			0.059
AT2021sdu	4.746825899668809	4.815891513406553	60124.44855319988	635.1609403231913	nm	r	True	['2023ApJ...955L...6Y', '2024MNRAS.527.2452M']			0.059
AT2021sdu	-9.079680850179624	8.883341910614742	60126.42348380014	472.76786118847235	nm	g	True	['2023ApJ...955L...6Y', '2024MNRAS.527.2452M']			0.059
AT2021sdu	-3.990859600259777	10.99870531104552	60128.413935199846	635.1609403231913	nm	r	True	['2023ApJ...955L...6Y', '2024MNRAS.527.2452M']			0.059
AT2021sdu	265.9259116880309	4.7878	59441.59804	200.84444465772472	nm	UVW2	False	['2023ApJ...955L...6Y', '2024MNRAS.527.2452M']			0.059
AT2021sdu	160.52231595981817	3.2407000000000004	59449.530723	200.84444465772472	nm	UVW2	False	['2023ApJ...955L...6Y', '2024MNRAS.527.2452M']			0.059
AT2021sdu	65.45025771187478	1.4325	59553.395426	200.84444465772472	nm	UVW2	False	['2023ApJ...955L...6Y', '2024MNRAS.527.2452M']			0.059
AT2021sdu	70.90283457295268	2.4688	59764.384107	200.84444465772472	nm	UVW2	False	['2023ApJ...955L...6Y', '2024MNRAS.527.2452M']			0.059
AT2021sdu	154.41082122879632	5.2913	59441.594599	222.64833267055943	nm	UVM2	False	['2023ApJ...955L...6Y', '2024MNRAS.527.2452M']			0.059
AT2021sdu	154.2427689461927	3.8059	59449.328269	222.64833267055943	nm	UVM2	False	['2023ApJ...955L...6Y', '2024MNRAS.527.2452M']			0.059
AT2021sdu	89.05309653795342	2.005	59574.567855	222.64833267055943	nm	UVM2	False	['2023ApJ...955L...6Y', '2024MNRAS.527.2452M']			0.059
AT2021sdu	82.79862897670563	2.3907	59764.390073	222.64833267055943	nm	UVM2	False	['2023ApJ...955L...6Y', '2024MNRAS.527.2452M']			0.059
AT2021sdu	166.5967878344649	7.6282	59441.596001	250.05813166379073	nm	UVW1	False	['2023ApJ...955L...6Y', '2024MNRAS.527.2452M']			0.059
AT2021sdu	149.61894153774125	5.891500000000001	59449.523979	250.05813166379073	nm	UVW1	False	['2023ApJ...955L...6Y', '2024MNRAS.527.2452M']			0.059
AT2021sdu	56.28089205449344	4.2371	59575.35832	250.05813166379073	nm	UVW1	True	['2023ApJ...955L...6Y', '2024MNRAS.527.2452M']			0.059
AT2021sdu	57.27460851753003	4.2552	59764.379351	250.05813166379073	nm	UVW1	False	['2023ApJ...955L...6Y', '2024MNRAS.527.2452M']			0.059
AT2021sdu	201.45765141974763	13.438	59441.596875	343.4775240910411	nm	U	False	['2023ApJ...955L...6Y', '2024MNRAS.527.2452M']			0.059
AT2021sdu	94.58864379106014	9.583599999999999	59449.526501	343.4775240910411	nm	U	False	['2023ApJ...955L...6Y', '2024MNRAS.527.2452M']			0.059
AT2021sdu	46.39342404407643	9.703	59764.3812	343.4775240910411	nm	U	True	['2023ApJ...955L...6Y', '2024MNRAS.527.2452M']			0.059
AT2021sdu	-2.113122587221198	21.799	59764.382049	431.18199400445644	nm	B	True	['2023ApJ...955L...6Y', '2024MNRAS.527.2452M']			0.059
